Model,R2,RMSE,MAE
LinearRegression,0.9525586504039976,13.482223711528386,3.1155783763827234
GradientBoosting,0.9521950411586441,13.533791635287338,3.707398978214112
RandomForest,0.9502086122819424,13.812113128677538,3.438723639490013
XGBoost,0.9462510627807077,14.350530373275419,3.8760945148657604
DecisionTree,0.898073013772618,19.76185021086957,5.127795255238086
